lead_day,lat,lon,apcp_mm
1,18.0,72.0,1.81
1,18.25,72.0,1.7
1,18.5,72.0,1.33
1,18.75,72.0,1.3599999999999999
1,19.0,72.0,1.2000000000000002
1,19.25,72.0,1.44
1,19.5,72.0,1.46
1,19.75,72.0,1.66
1,20.0,72.0,1.6199999999999999
1,20.25,72.0,1.26
1,20.5,72.0,1.3900000000000001
1,20.75,72.0,1.0899999999999999
1,21.0,72.0,0.8999999999999999
1,21.25,72.0,0.71
1,21.5,72.0,0.74
1,21.75,72.0,0.64
1,22.0,72.0,0.67
1,18.0,72.25,1.6
1,18.25,72.25,1.5
1,18.5,72.25,1.54
1,18.75,72.25,1.24
1,19.0,72.25,1.48
1,19.25,72.25,1.72
1,19.5,72.25,1.53
1,19.75,72.25,1.51
1,20.0,72.25,1.24
1,20.25,72.25,0.9
1,20.5,72.25,0.79
1,20.75,72.25,0.84
1,21.0,72.25,0.9099999999999999
1,21.25,72.25,0.89
1,21.5,72.25,0.8
1,21.75,72.25,0.69
1,22.0,72.25,0.6900000000000001
1,18.0,72.5,1.55
1,18.25,72.5,1.52
1,18.5,72.5,1.7
1,18.75,72.5,1.6099999999999999
1,19.0,72.5,1.73
1,19.25,72.5,1.97
1,19.5,72.5,2.02
1,19.75,72.5,1.71
1,20.0,72.5,1.3199999999999998
1,20.25,72.5,0.97
1,20.5,72.5,0.81
1,20.75,72.5,1.1800000000000002
1,21.0,72.5,1.2
1,21.25,72.5,1.07
1,21.5,72.5,1.34
1,21.75,72.5,1.05
1,22.0,72.5,0.79
1,18.0,72.75,1.98
1,18.25,72.75,2.0300000000000002
1,18.5,72.75,2.18
1,18.75,72.75,2.25
1,19.0,72.75,2.1
1,19.25,72.75,2.12
1,19.5,72.75,2.31
1,19.75,72.75,2.24
1,20.0,72.75,2.08
1,20.25,72.75,1.8
1,20.5,72.75,1.67
1,20.75,72.75,1.62
1,21.0,72.75,1.31
1,21.25,72.75,1.46
1,21.5,72.75,1.51
1,21.75,72.75,1.2
1,22.0,72.75,0.8600000000000001
1,18.0,73.0,2.95
1,18.25,73.0,2.92
1,18.5,73.0,2.85
1,18.75,73.0,2.7
1,19.0,73.0,2.69
1,19.25,73.0,2.48
1,19.5,73.0,2.5700000000000003
1,19.75,73.0,2.4
1,20.0,73.0,2.04
1,20.25,73.0,1.96
1,20.5,73.0,2.04
1,20.75,73.0,2.07
1,21.0,73.0,1.67
1,21.25,73.0,1.45
1,21.5,73.0,1.32
1,21.75,73.0,1.17
1,22.0,73.0,0.97
1,18.0,73.25,2.82
1,18.25,73.25,3.05
1,18.5,73.25,3.2300000000000004
1,18.75,73.25,2.95
1,19.0,73.25,2.75
1,19.25,73.25,2.71
1,19.5,73.25,3.01
1,19.75,73.25,3.0100000000000002
1,20.0,73.25,2.39
1,20.25,73.25,2.1
1,20.5,73.25,2.23
1,20.75,73.25,2.06
1,21.0,73.25,1.73
1,21.25,73.25,1.69
1,21.5,73.25,1.65
1,21.75,73.25,1.71
1,22.0,73.25,1.22
1,18.0,73.5,2.83
1,18.25,73.5,2.33
1,18.5,73.5,2.13
1,18.75,73.5,1.9700000000000002
1,19.0,73.5,2.44
1,19.25,73.5,3.57
1,19.5,73.5,3.96
1,19.75,73.5,3.29
1,20.0,73.5,2.3200000000000003
1,20.25,73.5,2.1100000000000003
1,20.5,73.5,2.06
1,20.75,73.5,1.75
1,21.0,73.5,1.52
1,21.25,73.5,1.79
1,21.5,73.5,2.27
1,21.75,73.5,2.2
1,22.0,73.5,1.8
1,18.0,73.75,1.7899999999999998
1,18.25,73.75,1.01
1,18.5,73.75,0.65
1,18.75,73.75,0.64
1,19.0,73.75,0.73
1,19.25,73.75,2.33
1,19.5,73.75,2.5
1,19.75,73.75,1.74
1,20.0,73.75,1.13
1,20.25,73.75,1.29
1,20.5,73.75,1.28
1,20.75,73.75,1.28
1,21.0,73.75,1.28
1,21.25,73.75,1.35
1,21.5,73.75,2.14
1,21.75,73.75,2.3
1,22.0,73.75,2.02
1,18.0,74.0,0.33
1,18.25,74.0,0.07
1,18.5,74.0,0.03
1,18.75,74.0,0.03
1,19.0,74.0,0.15000000000000002
1,19.25,74.0,0.48
1,19.5,74.0,0.47000000000000003
1,19.75,74.0,0.49
1,20.0,74.0,0.35
1,20.25,74.0,0.45
1,20.5,74.0,0.44
1,20.75,74.0,0.53
1,21.0,74.0,0.75
1,21.25,74.0,0.89
1,21.5,74.0,1.53
1,21.75,74.0,2.0300000000000002
1,22.0,74.0,1.81
1,18.0,74.25,0.0
1,18.25,74.25,0.0
1,18.5,74.25,0.01
1,18.75,74.25,0.01
1,19.0,74.25,0.01
1,19.25,74.25,0.12000000000000001
1,19.5,74.25,0.12000000000000001
1,19.75,74.25,0.11
1,20.0,74.25,0.11
1,20.25,74.25,0.21000000000000002
1,20.5,74.25,0.2
1,20.75,74.25,0.1
1,21.0,74.25,0.2
1,21.25,74.25,0.41000000000000003
1,21.5,74.25,0.9299999999999999
1,21.75,74.25,1.54
1,22.0,74.25,1.55
1,18.0,74.5,0.01
1,18.25,74.5,0.1
1,18.5,74.5,0.11
1,18.75,74.5,0.12000000000000001
1,19.0,74.5,0.12000000000000001
1,19.25,74.5,0.14
1,19.5,74.5,0.14
1,19.75,74.5,0.13
1,20.0,74.5,0.13
1,20.25,74.5,0.22
1,20.5,74.5,0.31
1,20.75,74.5,0.2
1,21.0,74.5,0.1
1,21.25,74.5,0.30000000000000004
1,21.5,74.5,0.92
1,21.75,74.5,1.33
1,22.0,74.5,1.32
1,18.0,74.75,0.01
1,18.25,74.75,0.01
1,18.5,74.75,0.01
1,18.75,74.75,0.12000000000000001
1,19.0,74.75,0.14
1,19.25,74.75,0.18
1,19.5,74.75,0.17
1,19.75,74.75,0.14
1,20.0,74.75,0.24000000000000002
1,20.25,74.75,0.23
1,20.5,74.75,0.22
1,20.75,74.75,0.21000000000000002
1,21.0,74.75,0.1
1,21.25,74.75,0.30000000000000004
1,21.5,74.75,0.93
1,21.75,74.75,1.34
1,22.0,74.75,1.12
1,18.0,75.0,0.01
1,18.25,75.0,0.01
1,18.5,75.0,0.02
1,18.75,75.0,0.13
1,19.0,75.0,0.18
1,19.25,75.0,0.22
1,19.5,75.0,0.18
1,19.75,75.0,0.25
1,20.0,75.0,0.25
1,20.25,75.0,0.33999999999999997
1,20.5,75.0,0.33
1,20.75,75.0,0.22
1,21.0,75.0,0.1
1,21.25,75.0,0.31
1,21.5,75.0,0.8400000000000001
1,21.75,75.0,1.17
1,22.0,75.0,0.93
1,18.0,75.25,0.01
1,18.25,75.25,0.01
1,18.5,75.25,0.03
1,18.75,75.25,0.17
1,19.0,75.25,0.24000000000000002
1,19.25,75.25,0.15
1,19.5,75.25,0.18
1,19.75,75.25,0.15000000000000002
1,20.0,75.25,0.25
1,20.25,75.25,0.42999999999999994
1,20.5,75.25,0.53
1,20.75,75.25,0.4
1,21.0,75.25,0.1
1,21.25,75.25,0.72
1,21.5,75.25,1.27
1,21.75,75.25,1.3
1,22.0,75.25,1.16
1,18.0,75.5,0.01
1,18.25,75.5,0.02
1,18.5,75.5,0.07
1,18.75,75.5,0.25
1,19.0,75.5,0.30000000000000004
1,19.25,75.5,0.15
1,19.5,75.5,0.18
1,19.75,75.5,0.16
1,20.0,75.5,0.26
1,20.25,75.5,0.29000000000000004
1,20.5,75.5,0.48000000000000004
1,20.75,75.5,0.72
1,21.0,75.5,0.8
1,21.25,75.5,1.0
1,21.5,75.5,1.24
1,21.75,75.5,1.3699999999999999
1,22.0,75.5,1.03
1,18.0,75.75,0.01
1,18.25,75.75,0.06
1,18.5,75.75,0.27
1,18.75,75.75,0.32
1,19.0,75.75,0.31
1,19.25,75.75,0.14
1,19.5,75.75,0.22
1,19.75,75.75,0.23
1,20.0,75.75,0.23
1,20.25,75.75,0.2
1,20.5,75.75,0.45
1,20.75,75.75,0.61
1,21.0,75.75,0.8099999999999999
1,21.25,75.75,1.13
1,21.5,75.75,1.37
1,21.75,75.75,1.38
1,22.0,75.75,1.02
1,18.0,76.0,0.03
1,18.25,76.0,0.31
1,18.5,76.0,0.5
1,18.75,76.0,0.45999999999999996
1,19.0,76.0,0.44999999999999996
1,19.25,76.0,0.61
1,19.5,76.0,0.7899999999999999
1,19.75,76.0,0.58
1,20.0,76.0,0.38
1,20.25,76.0,0.12
1,20.5,76.0,0.36
1,20.75,76.0,0.56
1,21.0,76.0,1.02
1,21.25,76.0,1.84
1,21.5,76.0,2.55
1,21.75,76.0,2.4
1,22.0,76.0,2.2199999999999998
3,18.0,72.0,1.4
3,18.25,72.0,1.4
3,18.5,72.0,1.5
3,18.75,72.0,1.4
3,19.0,72.0,1.2
3,19.25,72.0,1.4
3,19.5,72.0,1.7999999999999998
3,19.75,72.0,1.7
3,20.0,72.0,1.5
3,20.25,72.0,1.2
3,20.5,72.0,1.3
3,20.75,72.0,1.2000000000000002
3,21.0,72.0,1.1
3,21.25,72.0,0.8999999999999999
3,21.5,72.0,0.7
3,21.75,72.0,0.5
3,22.0,72.0,0.4
3,18.0,72.25,1.6
3,18.25,72.25,1.6
3,18.5,72.25,1.7
3,18.75,72.25,1.5
3,19.0,72.25,1.4
3,19.25,72.25,1.6
3,19.5,72.25,1.9
3,19.75,72.25,1.9
3,20.0,72.25,1.7999999999999998
3,20.25,72.25,1.1
3,20.5,72.25,1.1
3,20.75,72.25,1.0
3,21.0,72.25,0.8
3,21.25,72.25,1.0
3,21.5,72.25,0.8999999999999999
3,21.75,72.25,0.7999999999999999
3,22.0,72.25,0.4
3,18.0,72.5,1.9
3,18.25,72.5,1.9
3,18.5,72.5,1.7999999999999998
3,18.75,72.5,1.7
3,19.0,72.5,1.6
3,19.25,72.5,2.0
3,19.5,72.5,2.3
3,19.75,72.5,2.3
3,20.0,72.5,2.0
3,20.25,72.5,1.7999999999999998
3,20.5,72.5,1.3
3,20.75,72.5,0.9
3,21.0,72.5,0.9
3,21.25,72.5,1.2000000000000002
3,21.5,72.5,1.4
3,21.75,72.5,1.0
3,22.0,72.5,0.7000000000000001
3,18.0,72.75,2.6
3,18.25,72.75,2.7
3,18.5,72.75,2.7
3,18.75,72.75,2.4
3,19.0,72.75,2.5
3,19.25,72.75,2.7
3,19.5,72.75,2.8
3,19.75,72.75,2.7
3,20.0,72.75,2.7
3,20.25,72.75,2.3
3,20.5,72.75,2.2
3,20.75,72.75,1.6
3,21.0,72.75,1.6
3,21.25,72.75,1.5
3,21.5,72.75,1.5
3,21.75,72.75,1.2
3,22.0,72.75,0.8
3,18.0,73.0,3.4
3,18.25,73.0,3.5999999999999996
3,18.5,73.0,3.6999999999999997
3,18.75,73.0,3.5999999999999996
3,19.0,73.0,3.2
3,19.25,73.0,3.2
3,19.5,73.0,3.3
3,19.75,73.0,3.4
3,20.0,73.0,3.2
3,20.25,73.0,2.6
3,20.5,73.0,2.3
3,20.75,73.0,2.0
3,21.0,73.0,1.9
3,21.25,73.0,1.5
3,21.5,73.0,1.2000000000000002
3,21.75,73.0,1.2
3,22.0,73.0,0.9
3,18.0,73.25,3.6
3,18.25,73.25,3.7
3,18.5,73.25,4.1000000000000005
3,18.75,73.25,3.5
3,19.0,73.25,3.0
3,19.25,73.25,2.9
3,19.5,73.25,3.3
3,19.75,73.25,4.0
3,20.0,73.25,3.5
3,20.25,73.25,2.7
3,20.5,73.25,1.9
3,20.75,73.25,1.6
3,21.0,73.25,1.6
3,21.25,73.25,1.4
3,21.5,73.25,1.2
3,21.75,73.25,1.1
3,22.0,73.25,1.1
3,18.0,73.5,3.8
3,18.25,73.5,3.5
3,18.5,73.5,3.1999999999999997
3,18.75,73.5,2.8
3,19.0,73.5,2.9
3,19.25,73.5,3.5
3,19.5,73.5,3.9
3,19.75,73.5,3.9
3,20.0,73.5,3.0
3,20.25,73.5,2.5
3,20.5,73.5,2.3
3,20.75,73.5,1.8
3,21.0,73.5,1.4
3,21.25,73.5,1.3
3,21.5,73.5,1.2
3,21.75,73.5,1.2
3,22.0,73.5,1.1
3,18.0,73.75,2.4
3,18.25,73.75,1.8
3,18.5,73.75,1.3
3,18.75,73.75,1.4
3,19.0,73.75,1.6
3,19.25,73.75,2.5
3,19.5,73.75,2.7
3,19.75,73.75,2.1
3,20.0,73.75,1.6
3,20.25,73.75,1.8
3,20.5,73.75,1.9
3,20.75,73.75,1.8
3,21.0,73.75,1.2
3,21.25,73.75,1.0
3,21.5,73.75,1.2
3,21.75,73.75,1.4
3,22.0,73.75,1.2
3,18.0,74.0,0.5
3,18.25,74.0,0.30000000000000004
3,18.5,74.0,0.30000000000000004
3,18.75,74.0,0.30000000000000004
3,19.0,74.0,0.5
3,19.25,74.0,0.7000000000000001
3,19.5,74.0,0.9
3,19.75,74.0,0.6
3,20.0,74.0,0.5
3,20.25,74.0,0.6
3,20.5,74.0,0.7
3,20.75,74.0,0.8
3,21.0,74.0,0.6
3,21.25,74.0,0.4
3,21.5,74.0,0.7
3,21.75,74.0,1.1
3,22.0,74.0,1.2
3,18.0,74.25,0.2
3,18.25,74.25,0.1
3,18.5,74.25,0.1
3,18.75,74.25,0.1
3,19.0,74.25,0.1
3,19.25,74.25,0.2
3,19.5,74.25,0.2
3,19.75,74.25,0.2
3,20.0,74.25,0.2
3,20.25,74.25,0.2
3,20.5,74.25,0.2
3,20.75,74.25,0.1
3,21.0,74.25,0.1
3,21.25,74.25,0.2
3,21.5,74.25,0.30000000000000004
3,21.75,74.25,0.8
3,22.0,74.25,1.0
3,18.0,74.5,0.30000000000000004
3,18.25,74.5,0.1
3,18.5,74.5,0.1
3,18.75,74.5,0.1
3,19.0,74.5,0.1
3,19.25,74.5,0.30000000000000004
3,19.5,74.5,0.30000000000000004
3,19.75,74.5,0.1
3,20.0,74.5,0.2
3,20.25,74.5,0.2
3,20.5,74.5,0.2
3,20.75,74.5,0.1
3,21.0,74.5,0.1
3,21.25,74.5,0.1
3,21.5,74.5,0.1
3,21.75,74.5,0.5
3,22.0,74.5,0.8
3,18.0,74.75,0.2
3,18.25,74.75,0.2
3,18.5,74.75,0.1
3,18.75,74.75,0.1
3,19.0,74.75,0.1
3,19.25,74.75,0.2
3,19.5,74.75,0.2
3,19.75,74.75,0.2
3,20.0,74.75,0.2
3,20.25,74.75,0.1
3,20.5,74.75,0.2
3,20.75,74.75,0.1
3,21.0,74.75,0.1
3,21.25,74.75,0.0
3,21.5,74.75,0.1
3,21.75,74.75,0.30000000000000004
3,22.0,74.75,0.6
3,18.0,75.0,0.2
3,18.25,75.0,0.1
3,18.5,75.0,0.0
3,18.75,75.0,0.1
3,19.0,75.0,0.2
3,19.25,75.0,0.30000000000000004
3,19.5,75.0,0.30000000000000004
3,19.75,75.0,0.2
3,20.0,75.0,0.2
3,20.25,75.0,0.30000000000000004
3,20.5,75.0,0.30000000000000004
3,20.75,75.0,0.2
3,21.0,75.0,0.1
3,21.25,75.0,0.1
3,21.5,75.0,0.1
3,21.75,75.0,0.30000000000000004
3,22.0,75.0,0.30000000000000004
3,18.0,75.25,0.1
3,18.25,75.25,0.0
3,18.5,75.25,0.0
3,18.75,75.25,0.2
3,19.0,75.25,0.2
3,19.25,75.25,0.2
3,19.5,75.25,0.1
3,19.75,75.25,0.2
3,20.0,75.25,0.2
3,20.25,75.25,0.4
3,20.5,75.25,0.39999999999999997
3,20.75,75.25,0.2
3,21.0,75.25,0.1
3,21.25,75.25,0.1
3,21.5,75.25,0.1
3,21.75,75.25,0.2
3,22.0,75.25,0.2
3,18.0,75.5,0.1
3,18.25,75.5,0.0
3,18.5,75.5,0.2
3,18.75,75.5,0.30000000000000004
3,19.0,75.5,0.4
3,19.25,75.5,0.1
3,19.5,75.5,0.0
3,19.75,75.5,0.0
3,20.0,75.5,0.2
3,20.25,75.5,0.4
3,20.5,75.5,0.39999999999999997
3,20.75,75.5,0.2
3,21.0,75.5,0.1
3,21.25,75.5,0.1
3,21.5,75.5,0.1
3,21.75,75.5,0.2
3,22.0,75.5,0.2
3,18.0,75.75,0.2
3,18.25,75.75,0.2
3,18.5,75.75,0.5
3,18.75,75.75,0.5
3,19.0,75.75,0.30000000000000004
3,19.25,75.75,0.0
3,19.5,75.75,0.0
3,19.75,75.75,0.0
3,20.0,75.75,0.2
3,20.25,75.75,0.30000000000000004
3,20.5,75.75,0.2
3,20.75,75.75,0.0
3,21.0,75.75,0.0
3,21.25,75.75,0.1
3,21.5,75.75,0.1
3,21.75,75.75,0.1
3,22.0,75.75,0.0
3,18.0,76.0,0.5
3,18.25,76.0,0.5
3,18.5,76.0,0.8
3,18.75,76.0,0.9
3,19.0,76.0,0.30000000000000004
3,19.25,76.0,0.0
3,19.5,76.0,0.1
3,19.75,76.0,0.1
3,20.0,76.0,0.2
3,20.25,76.0,0.30000000000000004
3,20.5,76.0,0.1
3,20.75,76.0,0.0
3,21.0,76.0,0.0
3,21.25,76.0,0.0
3,21.5,76.0,0.0
3,21.75,76.0,0.1
3,22.0,76.0,0.0
5,18.0,72.0,1.1
5,18.25,72.0,2.2
5,18.5,72.0,2.8
5,18.75,72.0,2.1
5,19.0,72.0,1.8
5,19.25,72.0,2.1
5,19.5,72.0,1.7
5,19.75,72.0,1.6
5,20.0,72.0,2.2
5,20.25,72.0,2.1
5,20.5,72.0,1.5
5,20.75,72.0,1.2
5,21.0,72.0,1.2999999999999998
5,21.25,72.0,1.2000000000000002
5,21.5,72.0,1.1
5,21.75,72.0,0.8
5,22.0,72.0,0.30000000000000004
5,18.0,72.25,1.3
5,18.25,72.25,2.3
5,18.5,72.25,2.8
5,18.75,72.25,2.2
5,19.0,72.25,1.9000000000000001
5,19.25,72.25,1.9
5,19.5,72.25,1.7
5,19.75,72.25,1.4
5,20.0,72.25,1.9000000000000001
5,20.25,72.25,1.9
5,20.5,72.25,1.5
5,20.75,72.25,1.1
5,21.0,72.25,1.1
5,21.25,72.25,1.1
5,21.5,72.25,1.3
5,21.75,72.25,1.1
5,22.0,72.25,0.5
5,18.0,72.5,1.5
5,18.25,72.5,2.3
5,18.5,72.5,2.2
5,18.75,72.5,1.8
5,19.0,72.5,2.0
5,19.25,72.5,2.1
5,19.5,72.5,1.9000000000000001
5,19.75,72.5,1.8
5,20.0,72.5,2.0
5,20.25,72.5,2.4
5,20.5,72.5,2.2
5,20.75,72.5,1.2000000000000002
5,21.0,72.5,1.0
5,21.25,72.5,1.4
5,21.5,72.5,1.7
5,21.75,72.5,1.4000000000000001
5,22.0,72.5,0.7
5,18.0,72.75,2.1
5,18.25,72.75,3.4
5,18.5,72.75,3.3
5,18.75,72.75,2.7
5,19.0,72.75,3.1
5,19.25,72.75,3.3
5,19.5,72.75,2.8
5,19.75,72.75,2.8000000000000003
5,20.0,72.75,3.3
5,20.25,72.75,3.3000000000000003
5,20.5,72.75,2.5
5,20.75,72.75,1.6
5,21.0,72.75,1.2000000000000002
5,21.25,72.75,1.2000000000000002
5,21.5,72.75,1.5
5,21.75,72.75,1.3
5,22.0,72.75,0.7999999999999999
5,18.0,73.0,5.3
5,18.25,73.0,7.2
5,18.5,73.0,7.5
5,18.75,73.0,5.8
5,19.0,73.0,5.2
5,19.25,73.0,5.0
5,19.5,73.0,4.3
5,19.75,73.0,3.8
5,20.0,73.0,4.0
5,20.25,73.0,3.4
5,20.5,73.0,2.5
5,20.75,73.0,1.9000000000000001
5,21.0,73.0,1.3
5,21.25,73.0,1.2
5,21.5,73.0,1.3
5,21.75,73.0,1.1
5,22.0,73.0,0.7000000000000001
5,18.0,73.25,6.5
5,18.25,73.25,9.2
5,18.5,73.25,9.8
5,18.75,73.25,7.4
5,19.0,73.25,5.9
5,19.25,73.25,5.5
5,19.5,73.25,5.1
5,19.75,73.25,4.5
5,20.0,73.25,4.1
5,20.25,73.25,3.4
5,20.5,73.25,2.8
5,20.75,73.25,2.0
5,21.0,73.25,1.5
5,21.25,73.25,1.8
5,21.5,73.25,1.7
5,21.75,73.25,1.2
5,22.0,73.25,0.7000000000000001
5,18.0,73.5,5.5
5,18.25,73.5,7.6000000000000005
5,18.5,73.5,7.3
5,18.75,73.5,5.0
5,19.0,73.5,4.5
5,19.25,73.5,4.8
5,19.5,73.5,5.2
5,19.75,73.5,4.3
5,20.0,73.5,3.5
5,20.25,73.5,3.1
5,20.5,73.5,2.9
5,20.75,73.5,2.3
5,21.0,73.5,1.9
5,21.25,73.5,2.1
5,21.5,73.5,2.0
5,21.75,73.5,1.8
5,22.0,73.5,1.2
5,18.0,73.75,3.2
5,18.25,73.75,4.0
5,18.5,73.75,3.1
5,18.75,73.75,2.0
5,19.0,73.75,2.1
5,19.25,73.75,2.8
5,19.5,73.75,2.9
5,19.75,73.75,2.3
5,20.0,73.75,1.7
5,20.25,73.75,2.0
5,20.5,73.75,2.4000000000000004
5,20.75,73.75,2.1
5,21.0,73.75,1.5999999999999999
5,21.25,73.75,1.5999999999999999
5,21.5,73.75,1.9
5,21.75,73.75,2.1
5,22.0,73.75,1.5999999999999999
5,18.0,74.0,1.5
5,18.25,74.0,1.6
5,18.5,74.0,1.0999999999999999
5,18.75,74.0,0.7
5,19.0,74.0,0.6
5,19.25,74.0,0.9
5,19.5,74.0,0.8
5,19.75,74.0,0.6000000000000001
5,20.0,74.0,0.7
5,20.25,74.0,1.0
5,20.5,74.0,1.3
5,20.75,74.0,1.1
5,21.0,74.0,0.9
5,21.25,74.0,0.8
5,21.5,74.0,1.2
5,21.75,74.0,1.6
5,22.0,74.0,1.6
5,18.0,74.25,1.0
5,18.25,74.25,0.7999999999999999
5,18.5,74.25,0.5
5,18.75,74.25,0.5
5,19.0,74.25,0.4
5,19.25,74.25,0.3
5,19.5,74.25,0.1
5,19.75,74.25,0.3
5,20.0,74.25,0.7
5,20.25,74.25,0.7999999999999999
5,20.5,74.25,0.6
5,20.75,74.25,0.6
5,21.0,74.25,0.7
5,21.25,74.25,0.5
5,21.5,74.25,0.6
5,21.75,74.25,1.1
5,22.0,74.25,1.2999999999999998
5,18.0,74.5,1.0
5,18.25,74.5,0.5
5,18.5,74.5,0.30000000000000004
5,18.75,74.5,0.6
5,19.0,74.5,0.5
5,19.25,74.5,0.30000000000000004
5,19.5,74.5,0.2
5,19.75,74.5,0.5
5,20.0,74.5,1.2
5,20.25,74.5,1.3
5,20.5,74.5,1.0
5,20.75,74.5,0.9
5,21.0,74.5,0.5
5,21.25,74.5,0.30000000000000004
5,21.5,74.5,0.4
5,21.75,74.5,0.7000000000000001
5,22.0,74.5,0.9
5,18.0,74.75,0.7
5,18.25,74.75,0.2
5,18.5,74.75,0.30000000000000004
5,18.75,74.75,0.7
5,19.0,74.75,0.6
5,19.25,74.75,0.3
5,19.5,74.75,0.3
5,19.75,74.75,0.9
5,20.0,74.75,2.2
5,20.25,74.75,2.5
5,20.5,74.75,1.6
5,20.75,74.75,1.0
5,21.0,74.75,0.6
5,21.25,74.75,0.30000000000000004
5,21.5,74.75,0.5
5,21.75,74.75,0.5
5,22.0,74.75,0.5
5,18.0,75.0,0.3
5,18.25,75.0,0.2
5,18.5,75.0,0.2
5,18.75,75.0,0.5
5,19.0,75.0,0.5
5,19.25,75.0,0.3
5,19.5,75.0,0.5
5,19.75,75.0,1.0
5,20.0,75.0,2.0999999999999996
5,20.25,75.0,2.6
5,20.5,75.0,1.9
5,20.75,75.0,1.0
5,21.0,75.0,0.7
5,21.25,75.0,0.4
5,21.5,75.0,0.9
5,21.75,75.0,0.8
5,22.0,75.0,0.6
5,18.0,75.25,0.1
5,18.25,75.25,0.1
5,18.5,75.25,0.30000000000000004
5,18.75,75.25,0.39999999999999997
5,19.0,75.25,0.5
5,19.25,75.25,0.3
5,19.5,75.25,0.2
5,19.75,75.25,0.5
5,20.0,75.25,1.2999999999999998
5,20.25,75.25,2.5
5,20.5,75.25,2.3000000000000003
5,20.75,75.25,1.3
5,21.0,75.25,0.8
5,21.25,75.25,0.8
5,21.5,75.25,1.2000000000000002
5,21.75,75.25,0.7000000000000001
5,22.0,75.25,0.6
5,18.0,75.5,0.4
5,18.25,75.5,0.1
5,18.5,75.5,0.30000000000000004
5,18.75,75.5,0.7000000000000001
5,19.0,75.5,0.7
5,19.25,75.5,0.39999999999999997
5,19.5,75.5,0.2
5,19.75,75.5,0.5
5,20.0,75.5,1.5
5,20.25,75.5,3.2
5,20.5,75.5,3.2
5,20.75,75.5,2.0
5,21.0,75.5,1.3
5,21.25,75.5,1.5
5,21.5,75.5,1.3
5,21.75,75.5,0.7
5,22.0,75.5,0.5
5,18.0,75.75,0.3
5,18.25,75.75,0.2
5,18.5,75.75,0.5
5,18.75,75.75,0.7000000000000001
5,19.0,75.75,0.6000000000000001
5,19.25,75.75,0.39999999999999997
5,19.5,75.75,0.30000000000000004
5,19.75,75.75,0.7000000000000001
5,20.0,75.75,2.2
5,20.25,75.75,3.8
5,20.5,75.75,4.699999999999999
5,20.75,75.75,4.0
5,21.0,75.75,1.9
5,21.25,75.75,2.0
5,21.5,75.75,1.6
5,21.75,75.75,0.8
5,22.0,75.75,0.5
5,18.0,76.0,0.3
5,18.25,76.0,0.6
5,18.5,76.0,0.8
5,18.75,76.0,0.8
5,19.0,76.0,0.39999999999999997
5,19.25,76.0,0.30000000000000004
5,19.5,76.0,0.4
5,19.75,76.0,0.8999999999999999
5,20.0,76.0,2.2
5,20.25,76.0,3.0
5,20.5,76.0,3.3999999999999995
5,20.75,76.0,3.0
5,21.0,76.0,1.9999999999999998
5,21.25,76.0,1.8000000000000003
5,21.5,76.0,1.0999999999999999
5,21.75,76.0,0.9000000000000001
5,22.0,76.0,1.3
7,18.0,72.0,1.6
7,18.25,72.0,2.1
7,18.5,72.0,1.9
7,18.75,72.0,2.0999999999999996
7,19.0,72.0,2.4
7,19.25,72.0,2.3
7,19.5,72.0,2.4
7,19.75,72.0,2.0999999999999996
7,20.0,72.0,1.6
7,20.25,72.0,1.1
7,20.5,72.0,0.9
7,20.75,72.0,1.1
7,21.0,72.0,1.0
7,21.25,72.0,0.8999999999999999
7,21.5,72.0,1.0
7,21.75,72.0,0.6000000000000001
7,22.0,72.0,0.30000000000000004
7,18.0,72.25,2.3
7,18.25,72.25,2.5999999999999996
7,18.5,72.25,2.8
7,18.75,72.25,2.9
7,19.0,72.25,3.1
7,19.25,72.25,2.6
7,19.5,72.25,2.7
7,19.75,72.25,2.4
7,20.0,72.25,1.6
7,20.25,72.25,1.3
7,20.5,72.25,1.0
7,20.75,72.25,0.9
7,21.0,72.25,1.1
7,21.25,72.25,1.2000000000000002
7,21.5,72.25,1.5
7,21.75,72.25,1.0
7,22.0,72.25,0.7000000000000001
7,18.0,72.5,2.7
7,18.25,72.5,3.5
7,18.5,72.5,4.1
7,18.75,72.5,4.0
7,19.0,72.5,3.7
7,19.25,72.5,3.0999999999999996
7,19.5,72.5,2.9
7,19.75,72.5,2.8
7,20.0,72.5,2.2
7,20.25,72.5,1.6
7,20.5,72.5,1.1
7,20.75,72.5,1.1
7,21.0,72.5,1.3
7,21.25,72.5,1.6
7,21.5,72.5,1.8
7,21.75,72.5,1.6
7,22.0,72.5,1.0
7,18.0,72.75,4.0
7,18.25,72.75,5.0
7,18.5,72.75,5.4
7,18.75,72.75,5.1000000000000005
7,19.0,72.75,4.8
7,19.25,72.75,4.9
7,19.5,72.75,4.3
7,19.75,72.75,3.7
7,20.0,72.75,2.8
7,20.25,72.75,1.8
7,20.5,72.75,1.0
7,20.75,72.75,0.7
7,21.0,72.75,1.0
7,21.25,72.75,1.2
7,21.5,72.75,1.6
7,21.75,72.75,1.5
7,22.0,72.75,0.9
7,18.0,73.0,4.9
7,18.25,73.0,5.5
7,18.5,73.0,5.2
7,18.75,73.0,4.1
7,19.0,73.0,3.9
7,19.25,73.0,5.7
7,19.5,73.0,5.800000000000001
7,19.75,73.0,4.8
7,20.0,73.0,3.5999999999999996
7,20.25,73.0,2.4
7,20.5,73.0,1.3
7,20.75,73.0,0.5
7,21.0,73.0,0.6
7,21.25,73.0,0.9
7,21.5,73.0,0.9
7,21.75,73.0,0.9
7,22.0,73.0,0.6
7,18.0,73.25,5.1000000000000005
7,18.25,73.25,5.4
7,18.5,73.25,4.6
7,18.75,73.25,3.2
7,19.0,73.25,3.6
7,19.25,73.25,5.8
7,19.5,73.25,6.6000000000000005
7,19.75,73.25,5.8
7,20.0,73.25,4.5
7,20.25,73.25,3.6
7,20.5,73.25,2.5000000000000004
7,20.75,73.25,0.9
7,21.0,73.25,0.4
7,21.25,73.25,0.5
7,21.5,73.25,0.8
7,21.75,73.25,0.9
7,22.0,73.25,0.6
7,18.0,73.5,5.1
7,18.25,73.5,3.8000000000000003
7,18.5,73.5,2.6999999999999997
7,18.75,73.5,2.9000000000000004
7,19.0,73.5,4.7
7,19.25,73.5,6.2
7,19.5,73.5,5.8
7,19.75,73.5,4.6000000000000005
7,20.0,73.5,3.5999999999999996
7,20.25,73.5,3.4
7,20.5,73.5,3.1
7,20.75,73.5,2.1
7,21.0,73.5,0.8
7,21.25,73.5,0.4
7,21.5,73.5,0.8
7,21.75,73.5,0.9
7,22.0,73.5,0.8
7,18.0,73.75,3.3
7,18.25,73.75,1.5999999999999999
7,18.5,73.75,0.7999999999999999
7,18.75,73.75,1.5999999999999999
7,19.0,73.75,3.2
7,19.25,73.75,3.9000000000000004
7,19.5,73.75,3.1
7,19.75,73.75,2.3
7,20.0,73.75,2.0
7,20.25,73.75,2.3
7,20.5,73.75,2.4
7,20.75,73.75,2.1999999999999997
7,21.0,73.75,1.2
7,21.25,73.75,0.5
7,21.5,73.75,0.6000000000000001
7,21.75,73.75,1.0
7,22.0,73.75,0.9
7,18.0,74.0,1.5000000000000002
7,18.25,74.0,0.7999999999999999
7,18.5,74.0,0.5
7,18.75,74.0,0.7
7,19.0,74.0,1.1
7,19.25,74.0,1.2000000000000002
7,19.5,74.0,1.3
7,19.75,74.0,1.5
7,20.0,74.0,2.5
7,20.25,74.0,2.8
7,20.5,74.0,2.4
7,20.75,74.0,2.1
7,21.0,74.0,1.5
7,21.25,74.0,0.7
7,21.5,74.0,0.7
7,21.75,74.0,1.9
7,22.0,74.0,2.4
7,18.0,74.25,1.2
7,18.25,74.25,0.7
7,18.5,74.25,0.4
7,18.75,74.25,0.3
7,19.0,74.25,0.5
7,19.25,74.25,0.8
7,19.5,74.25,1.1
7,19.75,74.25,1.8
7,20.0,74.25,2.9000000000000004
7,20.25,74.25,3.0
7,20.5,74.25,2.0
7,20.75,74.25,1.9000000000000001
7,21.0,74.25,1.8
7,21.25,74.25,1.7
7,21.5,74.25,2.6
7,21.75,74.25,4.2
7,22.0,74.25,4.4
7,18.0,74.5,0.7
7,18.25,74.5,0.2
7,18.5,74.5,0.1
7,18.75,74.5,0.1
7,19.0,74.5,0.6
7,19.25,74.5,1.0
7,19.5,74.5,0.9
7,19.75,74.5,1.1
7,20.0,74.5,1.8
7,20.25,74.5,1.5
7,20.5,74.5,1.0
7,20.75,74.5,1.1
7,21.0,74.5,1.2000000000000002
7,21.25,74.5,1.9000000000000001
7,21.5,74.5,3.6999999999999997
7,21.75,74.5,4.8
7,22.0,74.5,4.2
7,18.0,74.75,0.1
7,18.25,74.75,0.1
7,18.5,74.75,0.0
7,18.75,74.75,0.2
7,19.0,74.75,0.7000000000000001
7,19.25,74.75,0.8999999999999999
7,19.5,74.75,0.6
7,19.75,74.75,0.4
7,20.0,74.75,0.6000000000000001
7,20.25,74.75,0.9
7,20.5,74.75,0.7
7,20.75,74.75,0.7
7,21.0,74.75,0.7
7,21.25,74.75,0.7
7,21.5,74.75,1.6
7,21.75,74.75,2.0999999999999996
7,22.0,74.75,1.9000000000000001
7,18.0,75.0,0.0
7,18.25,75.0,0.1
7,18.5,75.0,0.0
7,18.75,75.0,0.5
7,19.0,75.0,1.0999999999999999
7,19.25,75.0,1.1
7,19.5,75.0,0.5
7,19.75,75.0,0.2
7,20.0,75.0,0.6000000000000001
7,20.25,75.0,1.1
7,20.5,75.0,1.1
7,20.75,75.0,0.8
7,21.0,75.0,0.5
7,21.25,75.0,0.2
7,21.5,75.0,0.1
7,21.75,75.0,0.1
7,22.0,75.0,0.4
7,18.0,75.25,0.1
7,18.25,75.25,0.30000000000000004
7,18.5,75.25,0.2
7,18.75,75.25,1.0999999999999999
7,19.0,75.25,1.9
7,19.25,75.25,1.4
7,19.5,75.25,0.7
7,19.75,75.25,0.4
7,20.0,75.25,0.7
7,20.25,75.25,1.2
7,20.5,75.25,0.8999999999999999
7,20.75,75.25,0.7
7,21.0,75.25,0.4
7,21.25,75.25,0.1
7,21.5,75.25,0.0
7,21.75,75.25,0.1
7,22.0,75.25,0.2
7,18.0,75.5,0.30000000000000004
7,18.25,75.5,0.2
7,18.5,75.5,0.4
7,18.75,75.5,1.7
7,19.0,75.5,2.7
7,19.25,75.5,1.9000000000000001
7,19.5,75.5,0.7
7,19.75,75.5,0.4
7,20.0,75.5,0.4
7,20.25,75.5,0.6
7,20.5,75.5,0.5
7,20.75,75.5,0.30000000000000004
7,21.0,75.5,0.1
7,21.25,75.5,0.0
7,21.5,75.5,0.1
7,21.75,75.5,0.5
7,22.0,75.5,0.5
7,18.0,75.75,0.30000000000000004
7,18.25,75.75,0.7
7,18.5,75.75,1.4
7,18.75,75.75,2.5
7,19.0,75.75,2.4
7,19.25,75.75,1.2999999999999998
7,19.5,75.75,0.5
7,19.75,75.75,0.1
7,20.0,75.75,0.4
7,20.25,75.75,1.0
7,20.5,75.75,0.6
7,20.75,75.75,0.0
7,21.0,75.75,0.1
7,21.25,75.75,0.1
7,21.5,75.75,0.2
7,21.75,75.75,0.1
7,22.0,75.75,0.0
7,18.0,76.0,0.4
7,18.25,76.0,1.6
7,18.5,76.0,3.3
7,18.75,76.0,3.2
7,19.0,76.0,2.0
7,19.25,76.0,1.1
7,19.5,76.0,0.5
7,19.75,76.0,0.1
7,20.0,76.0,1.1
7,20.25,76.0,3.1
7,20.5,76.0,2.5
7,20.75,76.0,0.2
7,21.0,76.0,0.7
7,21.25,76.0,0.7999999999999999
7,21.5,76.0,0.7
7,21.75,76.0,0.30000000000000004
7,22.0,76.0,0.0
10,18.0,72.0,1.2000000000000002
10,18.25,72.0,1.0
10,18.5,72.0,0.7
10,18.75,72.0,0.8
10,19.0,72.0,1.0
10,19.25,72.0,1.2000000000000002
10,19.5,72.0,1.1
10,19.75,72.0,1.0
10,20.0,72.0,1.6
10,20.25,72.0,1.7000000000000002
10,20.5,72.0,2.7
10,20.75,72.0,1.8
10,21.0,72.0,0.6
10,21.25,72.0,0.30000000000000004
10,21.5,72.0,0.5
10,21.75,72.0,0.39999999999999997
10,22.0,72.0,0.2
10,18.0,72.25,1.3
10,18.25,72.25,1.2000000000000002
10,18.5,72.25,0.9
10,18.75,72.25,1.2
10,19.0,72.25,1.2999999999999998
10,19.25,72.25,1.2999999999999998
10,19.5,72.25,1.6
10,19.75,72.25,1.5
10,20.0,72.25,2.2
10,20.25,72.25,2.0999999999999996
10,20.5,72.25,2.2
10,20.75,72.25,2.0
10,21.0,72.25,0.9
10,21.25,72.25,0.4
10,21.5,72.25,0.4
10,21.75,72.25,0.30000000000000004
10,22.0,72.25,0.4
10,18.0,72.5,1.7000000000000002
10,18.25,72.5,1.6
10,18.5,72.5,1.3
10,18.75,72.5,1.5
10,19.0,72.5,1.7000000000000002
10,19.25,72.5,1.9000000000000001
10,19.5,72.5,2.0
10,19.75,72.5,2.5
10,20.0,72.5,3.2
10,20.25,72.5,3.4
10,20.5,72.5,3.0
10,20.75,72.5,2.8
10,21.0,72.5,1.8
10,21.25,72.5,1.0
10,21.5,72.5,0.7999999999999999
10,21.75,72.5,0.7000000000000001
10,22.0,72.5,0.5
10,18.0,72.75,1.9000000000000001
10,18.25,72.75,1.9
10,18.5,72.75,2.1
10,18.75,72.75,2.5
10,19.0,72.75,2.9
10,19.25,72.75,2.9
10,19.5,72.75,3.0
10,19.75,72.75,3.3
10,20.0,72.75,3.6
10,20.25,72.75,3.9
10,20.5,72.75,3.8
10,20.75,72.75,3.5
10,21.0,72.75,2.6
10,21.25,72.75,1.5
10,21.5,72.75,1.2000000000000002
10,21.75,72.75,1.0
10,22.0,72.75,0.6
10,18.0,73.0,1.9
10,18.25,73.0,2.0
10,18.5,73.0,2.5
10,18.75,73.0,3.0
10,19.0,73.0,3.5
10,19.25,73.0,3.5999999999999996
10,19.5,73.0,3.6
10,19.75,73.0,3.7
10,20.0,73.0,3.2
10,20.25,73.0,2.8
10,20.5,73.0,3.3
10,20.75,73.0,3.4
10,21.0,73.0,3.0999999999999996
10,21.25,73.0,2.1
10,21.5,73.0,1.5
10,21.75,73.0,1.3
10,22.0,73.0,0.6
10,18.0,73.25,1.7999999999999998
10,18.25,73.25,1.9
10,18.5,73.25,2.3000000000000003
10,18.75,73.25,2.2
10,19.0,73.25,2.4000000000000004
10,19.25,73.25,3.2
10,19.5,73.25,4.0
10,19.75,73.25,3.6
10,20.0,73.25,2.6
10,20.25,73.25,2.1
10,20.5,73.25,2.0
10,20.75,73.25,2.1
10,21.0,73.25,2.4000000000000004
10,21.25,73.25,2.5
10,21.5,73.25,2.3
10,21.75,73.25,1.9
10,22.0,73.25,1.1
10,18.0,73.5,2.1
10,18.25,73.5,2.2
10,18.5,73.5,1.8
10,18.75,73.5,1.4
10,19.0,73.5,1.7
10,19.25,73.5,3.3000000000000003
10,19.5,73.5,4.199999999999999
10,19.75,73.5,3.7
10,20.0,73.5,2.7
10,20.25,73.5,1.9
10,20.5,73.5,1.5
10,20.75,73.5,1.2
10,21.0,73.5,1.2999999999999998
10,21.25,73.5,1.7
10,21.5,73.5,2.3000000000000003
10,21.75,73.5,2.2
10,22.0,73.5,1.5
10,18.0,73.75,1.3
10,18.25,73.75,1.3
10,18.5,73.75,0.8999999999999999
10,18.75,73.75,0.7
10,19.0,73.75,1.2
10,19.25,73.75,2.0999999999999996
10,19.5,73.75,2.4
10,19.75,73.75,2.1
10,20.0,73.75,1.7999999999999998
10,20.25,73.75,1.4000000000000001
10,20.5,73.75,1.1
10,20.75,73.75,0.8999999999999999
10,21.0,73.75,0.8
10,21.25,73.75,1.0
10,21.5,73.75,1.7
10,21.75,73.75,1.7999999999999998
10,22.0,73.75,1.2999999999999998
10,18.0,74.0,0.2
10,18.25,74.0,0.2
10,18.5,74.0,0.2
10,18.75,74.0,0.3
10,19.0,74.0,0.5
10,19.25,74.0,0.6
10,19.5,74.0,0.7
10,19.75,74.0,0.8
10,20.0,74.0,1.0
10,20.25,74.0,0.9
10,20.5,74.0,0.6
10,20.75,74.0,0.5
10,21.0,74.0,0.4
10,21.25,74.0,0.5
10,21.5,74.0,1.0
10,21.75,74.0,1.4
10,22.0,74.0,1.2
10,18.0,74.25,0.0
10,18.25,74.25,0.0
10,18.5,74.25,0.1
10,18.75,74.25,0.3
10,19.0,74.25,0.4
10,19.25,74.25,0.2
10,19.5,74.25,0.2
10,19.75,74.25,0.5
10,20.0,74.25,0.7
10,20.25,74.25,0.6
10,20.5,74.25,0.3
10,20.75,74.25,0.3
10,21.0,74.25,0.2
10,21.25,74.25,0.2
10,21.5,74.25,0.6
10,21.75,74.25,1.5
10,22.0,74.25,1.6
10,18.0,74.5,0.0
10,18.25,74.5,0.0
10,18.5,74.5,0.0
10,18.75,74.5,0.2
10,19.0,74.5,0.30000000000000004
10,19.25,74.5,0.1
10,19.5,74.5,0.2
10,19.75,74.5,0.4
10,20.0,74.5,0.5
10,20.25,74.5,0.4
10,20.5,74.5,0.2
10,20.75,74.5,0.2
10,21.0,74.5,0.2
10,21.25,74.5,0.1
10,21.5,74.5,0.6
10,21.75,74.5,1.7999999999999998
10,22.0,74.5,2.3
10,18.0,74.75,0.0
10,18.25,74.75,0.0
10,18.5,74.75,0.0
10,18.75,74.75,0.0
10,19.0,74.75,0.1
10,19.25,74.75,0.2
10,19.5,74.75,0.1
10,19.75,74.75,0.4
10,20.0,74.75,0.6
10,20.25,74.75,0.5
10,20.5,74.75,0.4
10,20.75,74.75,0.2
10,21.0,74.75,0.2
10,21.25,74.75,0.0
10,21.5,74.75,0.5
10,21.75,74.75,1.8
10,22.0,74.75,2.8
10,18.0,75.0,0.0
10,18.25,75.0,0.0
10,18.5,75.0,0.0
10,18.75,75.0,0.1
10,19.0,75.0,0.2
10,19.25,75.0,0.3
10,19.5,75.0,0.2
10,19.75,75.0,0.39999999999999997
10,20.0,75.0,0.6
10,20.25,75.0,0.8
10,20.5,75.0,0.7
10,20.75,75.0,0.3
10,21.0,75.0,0.1
10,21.25,75.0,0.0
10,21.5,75.0,0.6
10,21.75,75.0,2.2
10,22.0,75.0,3.4
10,18.0,75.25,0.0
10,18.25,75.25,0.0
10,18.5,75.25,0.0
10,18.75,75.25,0.2
10,19.0,75.25,0.4
10,19.25,75.25,0.4
10,19.5,75.25,0.3
10,19.75,75.25,0.5
10,20.0,75.25,0.7999999999999999
10,20.25,75.25,0.9
10,20.5,75.25,0.9
10,20.75,75.25,0.6
10,21.0,75.25,0.2
10,21.25,75.25,0.1
10,21.5,75.25,0.7
10,21.75,75.25,1.5999999999999999
10,22.0,75.25,2.4
10,18.0,75.5,0.1
10,18.25,75.5,0.0
10,18.5,75.5,0.0
10,18.75,75.5,0.4
10,19.0,75.5,0.8
10,19.25,75.5,0.6
10,19.5,75.5,0.3
10,19.75,75.5,0.39999999999999997
10,20.0,75.5,0.7
10,20.25,75.5,0.7
10,20.5,75.5,0.7
10,20.75,75.5,0.39999999999999997
10,21.0,75.5,0.1
10,21.25,75.5,0.1
10,21.5,75.5,0.5
10,21.75,75.5,0.6000000000000001
10,22.0,75.5,0.6
10,18.0,75.75,0.4
10,18.25,75.75,0.3
10,18.5,75.75,0.4
10,18.75,75.75,1.1
10,19.0,75.75,1.0
10,19.25,75.75,0.3
10,19.5,75.75,0.1
10,19.75,75.75,0.30000000000000004
10,20.0,75.75,0.6
10,20.25,75.75,0.5
10,20.5,75.75,0.4
10,20.75,75.75,0.2
10,21.0,75.75,0.1
10,21.25,75.75,0.2
10,21.5,75.75,0.4
10,21.75,75.75,0.39999999999999997
10,22.0,75.75,0.3
10,18.0,76.0,1.7
10,18.25,76.0,1.8
10,18.5,76.0,2.5
10,18.75,76.0,3.2
10,19.0,76.0,2.3000000000000003
10,19.25,76.0,0.8
10,19.5,76.0,0.1
10,19.75,76.0,0.30000000000000004
10,20.0,76.0,0.5
10,20.25,76.0,0.6
10,20.5,76.0,0.30000000000000004
10,20.75,76.0,0.0
10,21.0,76.0,0.0
10,21.25,76.0,0.2
10,21.5,76.0,0.4
10,21.75,76.0,0.6000000000000001
10,22.0,76.0,0.6
